,Company,PE,P/B,EPS,Ro_AverageEquity_TTM,Q1,Q2,Q3,GROSS_MARGIN_(TTM),rating,PEG,StrengthF1,StrengthF2,StrengthFoverall,Turnover,FinalRank,MarketCap
44,EGAL.CA,4.55,1.47,8746.24,38.47,304717786,814155743,1688638750,25.25,6,0.0005202235474901,14468.509109508856,370.2395576742613,53568.1441291058,36596556.0,1960409.5864368917,12111000000.0
31,ABUK.CA,3.81,1.94,157.51,69.2,1289617385,3203044942,6964526491,65.08,6,0.0241889403847374,1093.1571984363586,1028.3891258760857,11241.909757451176,7459996.0,83864.60182294674,33805650538.8
42,EFIC.CA,2.79,1.3,350.94,44.97,169091963,226184891,499900464,38.28,6,0.0079500769362284,1897.2636548086227,403.18949380366,7649.567725943705,10414712.0,79668.04479019862,2099319698.9
161,ACGC.CA,5.63,0.52,650.72,9.26,8608000,41248000,112915000,20.23,6,0.0086519547578067,474.2822159972333,67.99410360533372,322.4839413268315,12577410.0,4056.012748483504,741484466.8
33,MHOT.CA,3.21,1.34,291.28,52.86,66000031,151131687,274260388,87.44,6,0.0110203240867893,3565.214771428371,1060.6806805411493,37815.54430034003,56086.8,2120.9528700643114,0.0
85,ALCN.CA,9.26,3.56,43.8,41.22,336331911,717761609,1266418379,69.39,6,0.2114155251141552,43.28780405993293,651.7533668596006,282.12972040019974,4878511.0,1376.3729443992988,18711302704.0
61,SUGR.CA,3.84,1.88,1447.82,41.82,-118779512,411632995,544009515,19.27,2,0.0026522634029092,363.64176685546886,40.77661742154256,148.28081205559226,8043213.0,1192.6541551760963,2260949392.5
125,AMOC.CA,4.24,1.6,143.87,43.59,229664413,407503443,761981489,13.84,6,0.0294710502537012,145.73199755234742,139.85163933895933,203.80858761837,5218079.0,1063.4893110710766,5049765000.0
155,EMFD.CA,1.94,0.51,128.85,26.1,2814137122,1581608024,3080086370,46.59,3,0.0150562669771051,534.465297282444,86.47520994087328,462.179987886106,2140791.25,989.4308739916817,11187464860.0
0,IRAX.CA,1.74,3.54,2341.44,235.8,3234764984,1190334774,4086664560,23.59,3,0.0007431324313243,7136.348358971362,388.2995745675044,27710.41031754088,26042.31,721.6430957165982,0.0
133,IFAP.CA,2.03,0.8,534.82,48.93,12926818,49196010,95302741,11.76,6,0.0037956695710706,2158.4982783588366,168.59904900184728,3639.207570034245,130229.76,473.9331284357429,0.0
108,HELI.CA,11.56,5.47,266.0,57.42,-75197864,16064919,19235186,65.56,2,0.0434586466165413,35.63043523339005,169.49513364607202,60.3918538175116,4727040.0,285.47470866953,7609985640.0
5,MFPC.CA,4.04,1.29,82.46,30.7,3520062153,2088785468,3734794132,55.33,3,0.0489934513703613,90.70789275414457,115.19159837151736,104.4878715126209,2237968.5,233.84056507729292,25129578005.76
158,ETRS.CA,10.22,1.36,223.8,13.01,10841168,14262576,20150141,23.24,6,0.0456657730116175,55.45379245127416,70.71373425539599,39.21344742853285,5051103.5,198.0711815533283,321488750.0
77,MICH.CA,4.49,1.36,58.55,33.35,50150000,96483000,148399000,55.6,6,0.0766865926558497,202.51623006957865,423.5157736379045,857.6881785214946,151238.88,129.71579950883088,0.0
134,AUTO.CA,2.86,0.74,14.08,26.44,1258579000,365647000,1093875000,22.72,3,0.203125,13.488027941787944,40.77291622453223,5.499462333046697,19280384.0,106.03174557467622,4580810000.0
135,REAC.CA,3.7,0.55,181.24,14.76,80253481,-9499023,66313902,-538.27,-1,0.0204149194438313,-471.7206777552824,-105.33779316625716,496.9001518563258,196992.3,97.88550378452688,0.0
25,NHPS.CA,9.07,0.76,6509.58,16.1,10514356,27159579,33126936,68.07,6,0.0013933310597611,11788.573898917455,357.2330151170537,42112.67797840484,2288.87,96.39044524443148,381440000.0
181,ARVA.CA,9.07,0.89,801.34,9.52,796272,4381909,8025689,20.99,6,0.0113185414430828,225.9521454041289,56.830099901288975,128.4088299622722,714712.25,91.77536378220299,87683060.79
51,ETEL.CA,4.52,0.75,27.09,17.45,6100995000,1367028000,3782999000,40.61,3,0.1668512366186784,19.112236232853984,48.10320507743363,9.193598189973327,9923124.0,91.22921484528088,32519713980.0
23,EGAS.CA,5.86,0.61,61.52,10.58,42139094,75887753,103521329,4.56,6,0.0952535760728218,9.457730628881553,12.95113119792424,1.2248831020927151,74341072.0,91.05912288425787,2836372755.5
130,EGCH.CA,8.49,1.13,131.52,17.23,-631250985,122043854,481948000,45.51,2,0.0645529197080291,24.186904928859565,35.594630921901874,8.609239540858855,9010968.0,77.57758200701383,5446397605.41
139,ATLC.CA,2.52,0.79,14.12,33.18,117347317,26172833,115539251,39.4,3,0.1784702549575071,31.293449999999996,88.4815861301989,27.688940914860723,1914726.88,53.01675944841561,359736130.23
211,EHDR.CA,12.05,0.89,327.79,7.74,25386185,4581544,11539053,72.61,3,0.0367613411025351,57.97354014711642,38.96664958415311,22.590346240655176,2170639.0,49.03548657346951,363840000.0
70,MEGM.CA,3.16,0.81,5.31,24.44,164215320,35587309,140933691,26.34,3,0.5951035781544257,4.507265791139239,43.52311382278481,1.9617024205729727,24849202.0,48.74673971270675,785349025.56
123,CICH.CA,6.02,1.34,60.62,24.51,330775109,171721982,366363882,54.21,3,0.0993071593533487,33.69854409514925,89.94000212400209,30.30847127493502,1400382.63,42.44345671527295,4650000000.0
117,OLFI.CA,5.69,2.4,29.47,43.67,90617191,180844638,326657372,20.46,6,0.1930777061418391,21.96306785726741,203.7935931860721,44.759325160220506,934513.38,41.828188241996706,2404000000.0
64,ADIB.CA,1.48,0.4,40.3,26.97,444297000,1016890000,2451815000,1.0,6,0.0367245657568238,20.912783440667223,13.898194130067566,2.906499240584554,11514867.0,33.46795219093214,5040000000.0
96,SKPC.CA,7.34,1.35,91.04,19.58,357880902,251064521,467559904,20.15,3,0.0806239015817223,12.23387209809264,26.941329243869205,3.295967761220988,9068732.0,29.890248307153136,4320750000.0
114,GTWL.CA,3.15,0.51,488.85,16.04,1574686,8400095,25580171,25.94,6,0.0064436943847806,1442.171071039916,129.44878644327733,1866.8729498971863,14614.0,27.28248128979748,0.0
217,DSCW.CA,5.64,0.84,38.05,19.91,19027463,10083713,45293649,17.61,3,0.1482260183968462,9.5038738756174,23.93758212993921,2.274997614501752,9438035.0,21.471507110584042,611032515.1
20,PHAR.CA,5.5,1.03,21.36,19.57,358656171,173680811,304381852,43.99,3,0.2574906367041198,10.955189618181818,58.23694532502207,6.37996778819304,2931920.0,18.705555157558937,3056434810.0
15,CPCI.CA,4.28,0.89,33.34,22.13,37004090,82057368,151035847,29.4,6,0.128374325134973,64.86465589444636,149.21678814035755,96.78895616398796,178978.41,17.323133479790265,0.0
176,SPIN.CA,12.68,0.74,183.58,6.02,1973503,5379004,16753695,26.99,6,0.0690707048698115,36.209399491304936,39.24347720105614,14.20982743400959,1162151.38,16.5139705619961,441843034.8
119,ORHD.CA,5.09,1.62,25.66,30.49,468829419,463709514,858292507,25.52,3,0.1983632112236944,8.172138657498362,52.62710019515389,4.300759599368567,3436876.5,14.781179599219243,6771536402.77
138,ICFC.CA,4.33,1.59,1116.28,34.29,4568623,2985313,17330136,7.75,3,0.0038789551008707,145.4223263377489,23.410155474367077,34.04359269010848,421738.53,14.357494737045098,108450000.0
132,FIRE.CA,3.35,1.33,17.37,45.0,4103841,875460,1766396,53.31,3,0.1928612550374208,31.564458548423303,162.06070114184715,51.15358283520251,222235.63,11.368148708138417,16500000.0
34,BIOC.CA,11.84,1.38,330.0,9.26,70118404,869164208,871812245,37.18,6,0.0358787878787878,79.20472264936471,80.73338148031726,63.94465088693886,160474.28,10.261471810932875,0.0
86,MFSC.CA,4.79,2.37,26.23,52.18,46804782,96023756,136358050,25.92,6,0.1826153259626382,35.59598847308475,308.38086751637115,109.77121805432624,88151.9,9.676541436803161,0.0
84,ECAP.CA,4.22,1.08,134.01,25.7,83149684,46584780,83191707,28.61,3,0.0314901872994552,72.96687705124407,50.62357013033174,36.93843817594948,259343.27,9.579735345243574,0.0
157,RAYA.CA,11.21,4.36,198.25,41.89,481860977,53588177,170133924,19.2,3,0.0565447667087011,11.010485272815062,54.42633729640148,5.992603852552936,1361740.88,8.160373643666825,5552947542.1
19,KZPC.CA,5.24,1.46,113.63,27.54,59302627,40457869,79570601,18.29,3,0.0461145824166153,25.24993604690604,34.501478112673844,8.711601158687431,814878.44,7.0988959620934065,506708678.7
142,TALM.CA,10.84,1.87,24.43,18.63,71878098,139484775,277178552,67.4,6,0.443716741711011,17.237444624117572,286.19277711872496,49.33232147406444,125571.52,6.194734592626912,0.0
225,MEPA.CA,14.26,1.72,47.0,11.89,7625626,3586154,5726561,32.36,3,0.3034042553191489,2.48836469103689,26.03600009762223,0.6478706333875618,9514576.0,6.164214379534094,127305000.0
150,FNAR.CA,2.13,1.48,350.26,58.31,2012824,1765983,7173054,22.19,3,0.0060811968252155,485.2028524012658,91.08810437580892,441.9620806296671,13600.0,6.010684296563473,0.0
82,AFMC.CA,9.13,1.33,104.37,15.22,5694611,11228197,24434516,25.37,6,0.0874772444188943,37.80384196336183,88.9446004269146,33.62447618033445,176641.47,5.939476900474261,0.0
72,OCDI.CA,4.79,0.66,19.47,14.26,228203304,295710507,438745820,33.37,6,0.2460195172059579,33.38180293939195,109.1075008704332,36.42205093266337,141610.05,5.157728453677006,0.0
219,ELEC.CA,4.27,0.98,153.22,23.07,147262401,71532788,190543350,17.81,3,0.0278684244876647,50.77463363577164,28.96994052486498,14.709381166001137,313840.06,4.616393067700667,1341078320.72
118,DOMT.CA,6.41,1.61,250.84,24.72,19917815,50373626,111101252,23.17,6,0.0255541380959974,158.5750807030455,133.2510356928155,211.30293738752616,18447.25,3.8979581117220414,0.0
40,PHTV.CA,7.87,0.61,140.26,7.89,26673071,11527787,65490311,37.44,3,0.0561100812776272,29.12835022059282,20.92566732468181,6.095301664329476,621298.38,3.7870010496592075,707035322.48
21,NIPH.CA,4.01,0.83,39.2,22.36,18715272,42051621,69257108,25.36,6,0.1022959183673469,76.07329102544843,130.52255026052336,99.29279951352514,37240.53,3.6977164790674184,0.0
210,TRST.CA,11.85,5.66,838.21,51.93,139072,178768,792795,20.98,6,0.0141372687035468,155.0920073227499,249.6232862403861,387.14576537522856,7370.0,2.8532642908154346,0.0
109,MPRC.CA,6.43,0.43,27.29,6.78,62484267,50432553,104270361,59.65,3,0.2356174422865518,13.472184636424466,27.63194033427972,3.722626020460808,759247.19,2.826393345455751,1044861300.0
152,RMDA.CA,10.88,1.97,87.09,18.41,106619791,71772654,126344131,47.78,3,0.1249282351590309,12.06276535797766,59.51214606908779,7.178810539810986,358697.31,2.575020029629848,2680000000.0
16,COMI.CA,6.84,1.38,23.5,23.33,4259618000,7780327000,12198882000,1.0,6,0.291063829787234,0.6615991937213958,5.598448648455377,0.0370392911190871,49575792.0,1.8362521923473094,95738678856.0
230,OIH.CA,19.91,0.69,117.6,3.56,-46071000,86549000,105320000,77.46,2,0.1693027210884354,5.31125288144476,12.601697856790336,0.6693080405297394,2581001.5,1.7274850565693183,1112086411.44
179,PHDC.CA,4.71,0.48,2.88,10.36,635490722,294966075,558488357,31.98,3,1.6354166666666667,1.4244340127388533,22.406607630573244,0.3191673401908245,4782398.5,1.5263854089775888,4305482362.82
191,ATQA.CA,12.8,1.44,33.47,11.49,65736683,67951376,86750672,9.25,6,0.3824320286824021,2.198328378868103,24.41932025756836,0.5368168471488128,1745687.62,0.937114524275115,1182000000.0
199,ADRI.CA,62.85,2.41,261.85,4.06,115173,382336,472518,36.33,6,0.2400229138819934,2.9044856786714317,33.799212737802534,0.9816932934731648,877523.75,0.8614591802384222,87068573.31
154,POUL.CA,3.28,0.82,221.41,23.8,0,0,0,13.92,0,0.0148141457025427,27.272548839976206,7.449127911957168,2.0315670479408188,422938.56,0.8592280417995409,1111283712.0
148,CNFN.CA,6.55,1.35,11.89,21.47,202242746,160410471,268549791,102.47,3,0.5508830950378469,9.984109695038166,148.54746742938926,14.831142097351314,44471.25,0.6595594279968346,0.0
97,TMGH.CA,8.39,0.5,9.21,5.92,1703450012,553980703,1086413498,38.6,3,0.9109663409337676,1.6932085530393328,15.498657139451726,0.2624245882914378,2385619.5,0.6260452151075255,16714854516.6
59,MCQE.CA,7.95,0.76,64.67,9.75,122067656,80853771,85690665,19.03,3,0.1229318076387815,6.702538559769117,12.885358819513408,0.8636461434424967,722099.56,0.6236385001755238,1090800000.0
120,ARCC.CA,10.7,1.78,226.0,16.26,-23216279,58853622,119502146,15.8,2,0.0473451327433628,6.859063215373308,11.827845193741467,0.8112793788552208,738279.25,0.5989507313616983,1931572470.0
233,MOED.CA,16.59,1.2,485.71,7.02,0,0,0,50.72,0,0.0341561837310329,8.686918958408679,7.365065295559574,0.6397972534591428,741185.19,0.4742082488665929,135675000.0
88,EFID.CA,10.44,3.49,56.85,35.52,321526963,162424350,374910257,33.54,3,0.183641160949868,6.273564045054837,80.46816369271812,5.048221785142235,81448.35,0.41116933483388957,0.0
193,AMPI.CA,12.67,2.6,32.29,20.42,-4691,557664,1220410,66.66,2,0.3923815422731496,3.0020757565721574,61.275928671847495,1.8395497992719807,222241.41,0.408824141155422,21932101.88
4,WCDF.CA,3.57,1.13,12.36,33.86,31330000,71436000,126284000,24.76,6,0.2888349514563106,29.25883027032052,191.34098087902507,55.984132832960384,7100.94,0.3975399681988817,0.0
1,MIPH.CA,4.2,1.07,12.44,25.12,358881441,135680983,273547915,37.9,3,0.337620578778135,8.894467129506006,64.35666456608811,5.724182375477146,68862.15,0.39417950536746355,0.0
100,SWDY.CA,4.77,0.95,4.01,19.94,2517948775,828208549,2022214773,13.45,3,1.189526184538653,0.8009835625620656,18.132893438430983,0.1452414958587275,2524405.0,0.366648358353251,17997643200.0
22,CEFM.CA,4.14,0.99,6.46,24.63,47501238,73041809,25963466,47.61,3,0.6408668730650154,6.237827386363636,79.20601024341238,4.940734198609564,67096.74,0.3315071579332143,0.0
185,EKHO.CA,5.75,1.92,39.16,37.11,0,0,0,46.43,0,0.1468335035750766,6.111717161956521,34.49581701449276,2.108286768631871,147394.39,0.3107496422075658,876685575.15
209,UNIP.CA,14.84,2.43,67.56,16.07,20162340,7764466,20658970,11.45,3,0.2196566015393724,1.1634416498203055,12.483331258984723,0.1452362751520658,1973416.38,0.28661164435527364,439670000.0
162,ISPH.CA,6.9,1.37,20.17,21.38,241948130,58801018,87739700,7.48,3,0.3420922161626177,1.1516468292605524,10.86677485306252,0.1251468680381775,2036131.75,0.25481551142559344,1964480000.0
8,GSSC.CA,16.29,2.22,7.73,14.88,9964650,55084831,86125337,23.69,6,2.1073738680465715,0.8582641680976558,80.32989392235329,0.6894426958064149,336511.78,0.23200558877381525,964100000.0
153,RACC.CA,17.2,1.35,22.42,7.73,20033064,6616144,14218803,32.74,3,0.767172167707404,0.824717744767442,17.115500709302328,0.1411545714554137,1374971.63,0.19408353119600166,541767829.6
6,EDFM.CA,5.02,1.59,1.33,37.71,24221768,48326593,74355638,34.91,6,3.774436090225564,2.4986460229776646,299.9241353750258,7.494042480498228,25822.16,0.19351236397822213,0.0
46,DCRC.CA,36.27,1.36,426.01,3.81,6944552,9476651,13529492,30.82,6,0.0851388465059505,11.55150297060306,27.734441816057878,3.203744870262102,44427.3,0.1423337344745955,0.0
92,UTOP.CA,4.82,1.03,213.38,21.36,4080129,5198233,5581879,61.15,6,0.0225888086980972,639.4619562102182,302.45621110698744,1934.0924042240488,60.62,0.11724468154406184,0.0
48,AJWA.CA,14.34,0.67,328.78,4.2,-3441389,43105854,64777281,11.85,2,0.0436157917148245,3.8320537844251534,3.009602538562418,0.1153295879751366,921032.88,0.10622234256195343,328156249.0
101,JUFO.CA,12.65,2.11,2.97,16.75,490191668,144419705,318949391,27.13,3,4.25925925925926,0.1706561134865032,30.677611659025345,0.052353219767775,640236.44,0.03351843904665789,6618077726.46
63,FAIT.CA,3.39,0.73,66.73,22.56,1775199000,1289802000,2021184000,1.0,3,0.0508017383485688,2.053106315917081,2.432864856346224,0.0499493020233713,530657.69,0.026505981228834536,3289693116.05
164,MBEN.CA,26.85,2.16,127.48,8.29,2994247,374417,442874,22.44,3,0.2106212739253216,1.3800511201117314,12.631048288640596,0.1743149233892382,138178.47,0.02408656941209215,0.0
223,GGCC.CA,6.35,0.76,15.03,11.91,35840713,23102724,38670217,11.7,3,0.4224883566200931,1.4646810523725653,9.511032839825942,0.1393062958898628,166204.17,0.02315328728414906,0.0
26,ALUM.CA,6.33,1.54,3.4,25.03,17952500,5465353,15025608,14.22,3,1.861764705882353,0.418975578568351,24.036816903951497,0.1007083926927459,209241.45,0.02107237011419956,0.0
17,HDBK.CA,2.53,0.55,9.33,22.09,1581591595,628053953,1303597274,1.0,3,0.2711682743837084,0.4998824919151994,1.717368568091987,0.0085848247935466,2153487.75,0.01848731502879888,5987751000.0
106,FERC.CA,3.13,1.57,86.31,62.1,13242854,3030705,17327702,39.72,3,0.0362646275055034,146.21493779227123,167.0890863985267,244.3092037352801,69.4,0.01695505873922844,0.0
170,ZEOT.CA,17.92,1.32,184.52,7.65,520000,23830000,26685000,4.22,6,0.0971168437025796,2.8684874217640264,8.243015193536932,0.2364498540007045,70258.61,0.016612638076792436,0.0
74,OBRI.CA,39.95,3.9,554.16,5.88,831143,623566,2428827,14.95,3,0.0720910928251768,1.0552274493116391,6.053695435159333,0.0638802559295269,213480.06,0.013637160868650758,0.0
207,UEGC.CA,4.49,0.42,9.49,8.31,67060974,35871648,81800856,8.81,3,0.4731296101159115,1.24342985423958,5.111590961740376,0.0635590480448919,184180.94,0.011706365214413353,0.0
189,MPCO.CA,41.47,4.88,410.42,12.21,-8598704,5427318,2465528,14.0,-1,0.1010428341698747,0.2311144497108318,2.2927202088282925,0.0052988076940425,2118636.0,0.011226244737675426,407236475.26
67,DEIN.CA,6.42,1.22,59.47,26.48,78797105,140222214,195106895,1.0,6,0.107953590045401,2.290174711774169,6.897344604144324,0.1579612419080334,53896.5,0.008513558074496322,0.0
107,CIEB.CA,4.67,1.0,29.72,22.74,1179819000,491543000,1015255000,1.0,3,0.1571332436069986,0.488423062098501,1.7497358672376873,0.008546113501398,786607.44,0.006722436463284117,8762500000.0
54,QNBA.CA,3.85,0.74,13.95,18.79,6006525301,2208314995,4754286433,1.0,3,0.2759856630824372,0.3105148078273078,1.4335803527553528,0.0044514792774083,1472998.88,0.006557023989965634,32365440949.32
30,ICID.CA,46.29,4.96,135.83,11.19,7404859,1030920,794273,49.38,0,0.3407936391077081,0.3268948025160454,11.057159981992903,0.0361452812870189,83559.8,0.0030202924752870423,0.0
213,ACAMD.CA,52.42,3.52,267.36,7.07,10326578,-1777654,-2434512,97.33,-6,0.1960652304009575,0.0875337098884617,1.2094991812895348,0.0010587195044533,2637670.5,0.002792553204671088,491233459.25
231,NAHO.CA,15.33,0.3,389.46,2.0,0,0,0,87.32,0,0.0393621938068094,14.7891485975212,4.339636268754076,0.6417952563779648,4154.3,0.0026662100335709794,0.0
186,IBCT.CA,12.07,0.79,49.95,6.53,405855,1240072,1507596,15.44,6,0.2416416416416416,6.016018495681835,23.565475148325174,1.4177033435185489,1270.0,0.0018004832462685573,0.0
93,EXPA.CA,3.22,0.46,38.5,14.2,535890000,301890000,320057000,1.0,3,0.0836363636363636,1.245687618147448,1.8357448015122872,0.022867645693224,77474.86,0.0017716676486121325,0.0
178,GPPL.CA,40.99,0.97,614.62,2.37,11239087,21848174,26654748,48.29,6,0.066691614330806,20.151628184416204,27.833303477467705,5.608863828219478,257.75,0.0014456846517235705,0.0
232,INEG.CA,82.2,3.07,192.63,3.93,0,0,0,40.85,0,0.4267248092197477,0.1225457750422026,3.2184433246154214,0.003944066316444,238984.23,0.0009425696517043057,33000000.0
14,ICLE.CA,8.23,1.17,29.35,14.68,71662906,41316756,59543682,35.6,3,0.2804088586030664,5.376160669221424,35.378911763716246,1.9020271394394643,492.0,0.0009357973526042165,820000000.0
169,MAAL.CA,7.26,1.14,146.75,19.29,-25102210,-14427634,-16526534,19.17,-6,0.0494718909710391,0.575630005531122,0.6648535432802172,0.0038270964879577,79614.52,0.0003046924498824381,0.0
194,FAITA.CA,3.39,0.73,66.73,22.56,0,0,0,1.0,0,0.0508017383485688,0.6083277973087647,0.7208488463248071,0.0043851239087733,65489.8,0.00028718088776078166,360932748.6
43,MILS.CA,11.68,1.14,1189.64,9.84,-12319714,-2468043,-8866023,17.78,-6,0.0098180962307925,1.3722940013430616,0.3856284519344663,0.0052919561133687,51893.92,0.00027462034719066624,0.0
76,SMFR.CA,47.64,2.07,1155.21,4.35,-1177823,-51329,1292400,5.22,0,0.0412392552003531,0.2659981409484174,0.5712836741746675,0.0015196039528464,124800.0,0.00018964657331523073,0.0
237,TRTO.CA,41.86,1.24,409.66,2.96,1175152,316920,937487,28.51,3,0.1021822975150124,2.247839802683292,5.962662552348072,0.1340311021513714,1188.0,0.00015922894935582922,0.0
197,SNFC.CA,59.05,2.0,165.48,3.1,11826889,-102641,125488,11.92,-1,0.3568407058254774,0.0345177361558001,0.5020345695738075,0.0001732909681363,910071.75,0.00015770721463099677,128354934.96
140,SAIB.CA,1.8,0.14,26.01,8.04,14167301,7678647,16004661,1.0,3,0.0692041522491349,2.8007196428571426,4.026182142857143,0.1127620741322066,502.45,5.66573041477272e-05,0.0
98,CANA.CA,3.47,0.5,12.32,14.66,376977000,96274000,267832000,1.0,3,0.2816558441558441,0.3513330259365994,1.2292041786743515,0.0043186002358757,9271.1,4.0038174646827204e-05,0.0
236,AIVC.CA,15.28,0.66,129.51,4.53,0,0,0,42.4,0,0.1179831673229866,2.466607639219419,3.96986099000476,0.097920894445849,401.71,3.9335802507842e-05,0.0
122,NDRL.CA,31.26,0.97,146.95,2.89,-1381721,1424205,2127527,10.8,2,0.2127254168084382,0.340340003363872,1.5135813954132615,0.0051513229720644,2377.19,1.224567345596177e-05,23450000.0
149,EASB.CA,18.13,2.92,44.4,17.09,10799640,985349,4308862,1.0,3,0.4083333333333333,0.0483746854906346,1.181880842885099,0.0005717311406197,19010.92,1.0869134975829865e-05,0.0
24,MBSC.CA,16.24,1.28,150.25,8.84,83306507,47658900,44634289,4.86,0,0.1080865224625623,0.3105324719057882,0.931528056958128,0.002892697101768,928.2,2.6850014498610575e-06,0.0
216,EGBE.CA,6.81,0.91,15.77,14.71,453539622,157781636,406630596,1.0,3,0.4318325935320228,0.1263367321004986,1.0788099300479257,0.0013629332111982,1671.57,2.278238267842575e-06,0.0
143,EPCO.CA,17.09,1.51,199.47,9.63,19016018,-2690171,-4858199,1.19,-6,0.0856770441670426,0.0077765017101314,0.0269072397000099,2.0924419554204417e-06,337836.22,7.069026807886504e-07,119621700.0
131,PSAD.CA,44.81,4.27,141.03,-7.56,-469918,-1070539,-1406211,30.15,-9,0.3177338155002482,-0.0043701512437252,-0.118389999594456,5.17382203972347e-06,70560.0,3.65064883122888e-07,0.0
222,EBSC.CA,52.1,2.72,220.8,5.21,706123,1559089,1516808,1.0,3,0.2359601449275362,0.0273970588235294,0.4042605255729931,0.0001107554939915,360.0,3.9871977836940004e-08,0.0
196,ARPI.CA,202.8,7.91,231.82,4.06,-339834,886399,-410585,40.4,-3,0.8748166681045639,0.0070232817125306,0.9724222602975858,6.829595477605737e-05,42.35,2.8923336847660293e-09,94100000.0
171,GMCI.CA,491.23,0.82,108.41,0.17,107839,299010,287779,66.05,3,4.531224056821327,0.0101992005306614,0.7670070652519584,7.822858866938865e-05,23.94,1.872792412745164e-09,0.0
187,UPMS.CA,97.39,1.19,142.12,1.23,35762,-20524,57700,67.89,-1,0.6852659724176752,0.0682674266938524,1.1215712795583783,0.0007656678510918,1.29,9.87711527908422e-10,0.0
66,ESRS.CA,2.02,0.0,1360.53,0.0,3759771000,1216970000,4129773000,23.25,3,0.0014847155152771,0.0,0.0,0.0,16473691.0,0.0,9077958601.17
81,RAKT.CA,0.0,0.0,38.71,0.0,411490271,397801858,382457890,0.65,0,0.0,0.0,0.0,0.0,4600388.5,0.0,386400000.0
89,SDTI.CA,0.0,0.85,0.8,-9.06,-28087000,-12928000,-40531000,64.54,-6,0.0,0.0,0.0,0.0,6505503.5,0.0,389443131.0
90,KWIN.CA,0.0,1.07,-115.33,-5.27,-1988772,-1527413,-1235484,5.29,-3,-0.0,0.0,0.0,0.0,8210.0,0.0,0.0
91,ANFI.CA,0.0,3.68,-374.47,-62.35,-617999,-2692032,-4605030,1.0,-9,-0.0,0.0,0.0,0.0,11788.48,0.0,0.0
94,GRCA.CA,0.0,1.41,-64.71,-10.47,-22831,-1913567,-3506287,13.67,-9,-0.0,0.0,0.0,0.0,6.55,0.0,0.0
95,EIUD.CA,0.0,10.24,-511.7,-0.97,701018,-300321,-592681,35.24,-6,-0.0,0.0,0.0,0.0,1498623.75,0.0,554500000.0
99,EPPK.CA,0.0,0.89,24.08,-7.72,-1349714,-2305597,-6390790,-25.01,-9,0.0,0.0,0.0,0.0,11980.5,0.0,0.0
102,ASCM.CA,30.09,0.0,126.9,0.0,-38209411,11581904,67989717,29.05,2,0.2371158392434988,0.0,0.0,0.0,455790.94,0.0,385000000.0
79,CCRS.CA,0.0,1.94,57.21,-3.33,-1987402,77569,-216277,20.78,-3,0.0,0.0,0.0,0.0,103356.17,0.0,54650000.0
49,IDHC.CA,0.0,0.0,0.0,0.0,1147898000,314133000,439052000,1.0,3,0.0,0.0,0.0,0.0,17406.98,0.0,0.0
112,SCEM.CA,0.0,0.0,74.36,0.0,-323284065,-67198157,-102359592,10.08,-6,0.0,0.0,0.0,0.0,23901.0,0.0,0.0
41,ELNA.CA,0.0,4.94,-40.27,-15.28,-810325,-2358285,-897801,1.0,-6,-0.0,0.0,0.0,0.0,4920.12,0.0,0.0
116,MISR.CA,0.0,7.18,63.14,-6.74,-577868,-79770,-224707,-2.35,-6,0.0,0.0,0.0,0.0,50.0,0.0,0.0
37,NRPD.CA,0.0,0.0,-1705.61,-1321.83,-581720,-1987379,-4363934,-179.94,-9,-0.0,0.0,0.0,0.0,1398.4,0.0,0.0
121,IRON.CA,0.0,0.0,46.27,0.0,-478184034,-274486159,-724140202,-129.79,-6,0.0,0.0,0.0,0.0,2593758.25,0.0,6320363638.66
73,EGREF.CA,0.0,0.0,0.0,0.0,0,0,0,1.0,0,0.0,0.0,0.0,0.0,1500.0,0.0,0.0
124,EGSA.CA,6.11,0.33,-4.83,0.0,20308535,7274709,18706364,35.88,3,-1.2650103519668738,-0.0,-0.0808473441452164,0.0,5485.83,0.0,0.0
50,SCFM.CA,0.0,0.0,82.61,0.0,-10578000,-19156000,-10035000,37.39,-6,0.0,0.0,0.0,0.0,1202.4,0.0,0.0
127,ADPC.CA,0.0,1.49,32.84,-19.66,-13655454,3185690,20156057,17.92,2,0.0,0.0,0.0,0.0,11599939.0,0.0,485460000.0
146,ODID.CA,0.0,0.0,0.0,0.0,0,0,0,1.0,0,0.0,0.0,0.0,0.0,1169776.38,0.0,329680000.0
129,MCRO.CA,13.7,6.58,0.0,0.0,30674940,71370564,129494505,77.54,6,0.0,0.0,0.0,0.0,101624.32,0.0,0.0
32,IDRE.CA,0.0,6.24,-28.62,-0.87,-650104,-526064,-752039,77.26,-6,-0.0,0.0,0.0,0.0,3415418.25,0.0,885591530.0
156,SPHT.CA,0.0,5.23,49.97,-11.22,-3238386,-360606,-965213,1.0,-6,0.0,0.0,0.0,0.0,190.5,0.0,0.0
58,ZMID.CA,9.86,2.02,0.0,25.19,211018487,75079764,109727228,86.31,3,0.0,0.0,0.0,0.0,11651754.0,0.0,2856480000.0
65,NCCW.CA,0.0,1.33,93.51,-0.32,-14712929,147770,-11073037,10.71,-3,0.0,0.0,0.0,0.0,2064764.38,0.0,312800000.0
27,AALR.CA,0.0,0.0,-114.01,0.0,-3020084,-31617081,-42428706,-54.2,-9,-0.0,0.0,0.0,0.0,66535.33,0.0,0.0
137,PRCL.CA,0.0,11.75,-10.66,-139.87,-14606733,-28505855,-5432857,-8.18,-6,-0.0,0.0,0.0,0.0,425112.5,0.0,175273332.0
105,ISMA.CA,0.0,1.41,71.39,-2.75,-10964876,-12408452,-21007246,3.22,-9,0.0,0.0,0.0,0.0,1087516.25,0.0,468152359.79
55,PTCC.CA,0.0,2.59,98.58,-4.42,-4628135,-117956,-215680,84.94,-6,0.0,0.0,0.0,0.0,336.6,0.0,15310000.0
144,RUBX.CA,0.0,2.37,-131.74,-3.57,2090984,-8119655,-3771509,16.03,-3,-0.0,0.0,0.0,0.0,12795.7,0.0,0.0
145,BTFH.CA,0.0,3.49,-2061.38,-70.27,10458698,3835412,-105589584,1.0,-4,-0.0,0.0,0.0,0.0,5640286.0,0.0,1325549219.28
60,GIHD.CA,0.0,2.07,-118.94,-0.92,-579452,102555,335722,1.0,2,-0.0,0.0,0.0,0.0,51523.46,0.0,0.0
151,APSW.CA,0.0,1.79,5.54,-8.3,-5290652,-10931711,-16838881,-26.14,-9,0.0,0.0,0.0,0.0,35598.73,0.0,0.0
52,MPCI.CA,1.14,2.31,77.22,0.0,-4416251,9584547,20997118,27.1,2,0.0147630147630147,0.0,0.6597744360902257,0.0,184458.0,0.0,0.0
39,ROTO.CA,0.0,2.08,-92.44,-19.27,1598155,12456010,-44005039,1.0,-1,-0.0,0.0,0.0,0.0,12591910.0,0.0,409424070.0
35,EKHOA.CA,0.0,0.0,0.0,0.0,0,0,0,1.0,0,0.0,0.0,0.0,0.0,4112496.5,0.0,9688578622.4
87,LCSW.CA,0.0,0.48,54.63,-2.65,-23252810,33332244,-24469942,19.46,-3,0.0,0.0,0.0,0.0,30479956.0,0.0,722400000.0
56,EFIH.CA,38.49,7.14,0.0,26.77,374829232,198299450,486522655,49.42,3,0.0,0.0,0.0,0.0,4858613.0,0.0,28472888875.2
163,TANM.CA,20.72,1.46,0.0,7.03,0,0,0,81.58,0,0.0,0.0,0.0,0.0,414621.53,0.0,212308750.0
174,MKIT.CA,0.0,6.81,-64.75,-94.27,-3863098,-1096659,-2056008,-8.57,-6,-0.0,0.0,0.0,0.0,2784.0,0.0,0.0
9,ORAS.CA,0.0,0.0,0.0,0.0,0,0,0,1.0,0,0.0,0.0,0.0,0.0,1074923.75,0.0,7763464089.71
172,EGTS.CA,0.0,2.24,14.72,-9.91,-4330448,-59543895,-93267566,-4.88,-9,0.0,0.0,0.0,0.0,956578.31,0.0,1652700000.0
235,MOIL.CA,0.0,0.21,44.66,-32.74,0,0,0,-13.83,0,0.0,0.0,0.0,0.0,17748.7,0.0,36679947.72
234,BIGP.CA,0.0,0.89,-13.81,-8.43,0,0,0,6.86,0,-0.0,0.0,0.0,0.0,427748.31,0.0,29197454.81
229,OFH.CA,0.0,0.39,0.0,-4.66,0,0,0,1.0,0,0.0,0.0,0.0,0.0,721603.31,0.0,1022909670.9
228,ASPI.CA,0.0,1.17,80.06,-9.52,566743775,1804943,1322826,1.0,0,0.0,0.0,0.0,0.0,244814.36,0.0,0.0
227,AIFI.CA,0.0,2.5,69.98,-1.35,-3052581,23670,1821362,31.98,2,0.0,0.0,0.0,0.0,838363.38,0.0,147841785.8
200,KABO.CA,0.0,0.89,0.0,0.0,2003333,5447291,16909019,1.0,6,0.0,0.0,0.0,0.0,481065.44,0.0,340620585.45
173,MMAT.CA,0.0,1.64,-42.31,-6.47,-853659,-596395,-1265766,1.0,-6,-0.0,0.0,0.0,0.0,333105.41,0.0,68400000.0
165,PRDC.CA,0.0,0.0,0.0,0.0,0,0,0,1.0,0,0.0,0.0,0.0,0.0,1442680.75,0.0,1827977342.28
166,EMDE.CA,0.0,7.25,0.0,0.0,0,0,0,1.0,0,0.0,0.0,0.0,0.0,1.61,0.0,0.0
168,EMRI.CA,14.47,0.0,18.04,0.0,12614670,7465516,16508737,76.46,3,0.8021064301552108,0.0,0.0,0.0,343751.47,0.0,409750000.0
202,UASG.CA,0.0,0.0,22.45,0.0,-6579847,-9943820,-14404656,-70.17,-9,0.0,0.0,0.0,0.0,364000.78,0.0,136000000.0
226,KRDI.CA,0.0,2.08,0.0,0.0,27876708,2403421,16932785,1.0,3,0.0,0.0,0.0,0.0,943386.81,0.0,506000000.0
224,IEEC.CA,0.0,0.12,0.0,0.0,0,0,0,1.0,0,0.0,0.0,0.0,0.0,754251.0,0.0,117612000.0
175,ICMI.CA,0.0,0.66,-130.73,-1.92,-381205,-88621,-126432,-70.7,-6,-0.0,0.0,0.0,0.0,11174.28,0.0,0.0
198,EOSB.CA,0.0,1.66,-400.66,-21.57,220725,-1264382,-2375563,17.74,-6,-0.0,0.0,0.0,0.0,535.95,0.0,0.0
160,NEDA.CA,0.0,3.9,39.5,-13.41,-7843149,-916168,-2160327,10.27,-6,0.0,0.0,0.0,0.0,1553968.25,0.0,135882617.0
184,CCAP.CA,0.0,0.0,24.54,0.0,-4516605000,970081000,7336362000,18.99,2,0.0,0.0,0.0,0.0,16505736.0,0.0,1821047574.68
221,EDBM.CA,0.0,1.12,0.0,-0.02,1063016,-406956,-109818,66.04,-3,0.0,0.0,0.0,0.0,1614729.5,0.0,170060490.43
177,EBDP.CA,0.0,0.0,0.0,0.0,-1271560,-1544160,244612,1.0,-3,0.0,0.0,0.0,0.0,0.0,0.0,0.0
201,AMER.CA,0.0,0.44,-192.75,-3.81,187922269,39443508,47414143,41.18,3,-0.0,0.0,0.0,0.0,151437.97,0.0,0.0
180,ODIN.CA,0.0,1.13,9.76,-1.21,-2223878,-2691995,-5049203,71.38,-9,0.0,0.0,0.0,0.0,384778.72,0.0,114400000.0
214,ELWA.CA,0.0,0.28,-489.24,-6.45,-1978145,-1171475,-2079095,17.32,-6,-0.0,0.0,0.0,0.0,75528.3,0.0,0.0
182,SVCE.CA,0.0,0.31,-4.0,-13.12,-31206878,-117084745,-83814751,-17.35,-6,-0.0,0.0,0.0,0.0,119518.05,0.0,0.0
183,ELKA.CA,0.0,1.17,-135.45,-3.61,7610560,25056724,81394815,15.73,6,-0.0,0.0,0.0,0.0,1634257.5,0.0,963299621.4
212,SPMD.CA,0.0,1.19,-129.4,-12.37,166769427,-38768275,-74035567,47.96,-6,-0.0,0.0,0.0,0.0,4677982.0,0.0,471386401.88
159,RTVC.CA,0.0,0.17,-1.84,-10.83,-334489910,-60582265,-187797299,6.64,-6,-0.0,0.0,0.0,0.0,1122644.13,0.0,584910816.81
7,UEFM.CA,4.22,1.1,0.0,26.66,28432578,55593938,99679058,18.67,6,0.0,0.0,0.0,0.0,6003.65,0.0,0.0
188,AREH.CA,0.0,4.94,0.0,-12.17,8021515,99882046,8846832,68.04,3,0.0,0.0,0.0,0.0,31518456.0,0.0,557600000.0
190,ISMQ.CA,26.16,4.4,0.0,18.36,0,0,0,32.62,0,0.0,0.0,0.0,0.0,1189188.38,0.0,1086281973.14
208,PRMH.CA,0.0,0.54,-90.66,-19.2,-17431334,-27571257,-48342812,1.0,-9,-0.0,0.0,0.0,0.0,400604.94,0.0,172200000.0
206,COSG.CA,0.0,0.0,21.8,0.0,-48787210,-12738397,-45791678,-25.23,-6,0.0,0.0,0.0,0.0,24237.94,0.0,1832220000.0
195,MENA.CA,0.0,1.32,-12.95,-15.45,-337404,-209828,-5497029,-1730.83,-6,-0.0,0.0,0.0,0.0,666572.19,0.0,219906766.22
203,GDWA.CA,0.0,0.0,0.0,0.0,0,0,0,1.0,0,0.0,0.0,0.0,0.0,289910.72,0.0,0.0
57,AFDI.CA,978.07,1.1,-97.02,0.11,10503772,2059722,-651495,1.0,-4,-10.081117295403011,-1.9594144022865887e-06,0.0002564393192085,-5.024708953697308e-12,3058551.5,-1.5368331107394333e-11,275220000.0
53,EALR.CA,86.9,1.34,-11.68,1.51,-3125086,-1654140,-825370,2.48,-3,-7.440068493150686,-0.0001112943503935,0.0218942103597852,-2.436701919371771e-08,1222.0,-2.9776497454723045e-11,0.0
29,MOSC.CA,47.7,2.14,-7.85,5.23,5260400,-2506129,1530524,0.54,-1,-6.076433121019109,-0.0001447910421442,0.0371433201538692,-5.3780200337759794e-08,8773.0,-4.718136975631666e-10,160320000.0
11,SEIG.CA,16.57,1.3,-23.25,7.86,15805656,8183633,11461424,1.0,3,-0.7126881720430107,-0.0286321143400956,0.4941223736131099,-0.0001414776829929,202.56,-2.8657719467041825e-08,0.0
218,GOCO.CA,257.89,0.48,-96.65,0.19,2845288,3691205,-1927325,38.58,-1,-2.6682876357992757,-0.0038154932012356,0.0925308306987044,-3.5305075543559563e-06,107738.31,-3.803709173485439e-07,0.0
47,PACH.CA,286.84,0.93,-97.0,0.34,20065858,-12838562,-856164,9.37,-3,-2.9571134020618555,-0.0003432367670105,0.0178014189738626,-6.110101496788689e-08,11914271.0,-7.279740507024607e-07,606960000.0
10,AMES.CA,117.0,4.58,-77.55,3.93,35074269,12423966,11036367,34.86,0,-1.5087040618955514,-0.0198266981860933,2.7385487936401294,-0.0005429638039939,1705.3,-9.259161749507977e-07,0.0
204,RREI.CA,148.6,0.42,-89.03,0.28,-1040994,3205927,5348821,13.41,2,-1.6691003032685612,-0.0120514027590847,0.136870008844453,-1.649475602224001e-05,74997.2,-1.2370605163511383e-06,0.0
80,MOIN.CA,9.58,1.62,-32.8,16.48,32389997,50355615,80260818,1.0,6,-0.2920731707317073,-0.396732776617954,3.5136140918580376,-0.0139396587462681,11000.1,-0.00015333764017482374,0.0
62,CAED.CA,8.55,2.02,-10.33,20.75,8926714,20043381,30861078,47.13,6,-0.8276863504356244,-6.662633628151054,222.72053609830968,-14.839053334884287,14.7,-0.000218134084022799,186000000.0
71,SAUD.CA,2.78,0.6,-2.05,21.37,1024314270,369381678,783112466,1.0,3,-1.35609756097561,-0.0886412994604316,1.400995683453237,-0.0012418607791975,404825.22,-0.0005027365631479993,2944877369.89
111,VERT.CA,35.42,3.86,-48.85,10.83,803264,123871,399015,21.78,3,-0.7250767656090071,-0.2844387855815338,15.909665744664323,-0.0452532600342045,31953.9,-0.001446018145806967,0.0
78,BINV.CA,20.66,0.96,-60.68,4.65,72928652,22305673,60459706,1.0,3,-0.3404746209624258,-0.0480143166142304,0.2106184051306873,-0.0001011269878872,17095398.0,-0.0017288061064728631,1960299096.0
69,HRHO.CA,10.0,1.05,-8.71,9.57,1123695145,448109515000,906800266,1.0,3,-1.148105625717566,-0.0267925821428571,0.6179785714285715,-0.0001655724163752,19014210.0,-0.0031482286951654915,15226609870.24
115,SIPC.CA,45.83,2.37,-65.04,5.24,4850344,519720,1820721,58.69,3,-0.7046432964329642,-0.6215148402599592,20.738443474980457,-0.1288925038359267,145234.69,-0.018719662837934626,0.0
110,NINH.CA,9.85,2.07,-43.19,21.41,48199538,18033181,32370836,32.27,3,-0.2280620514007872,-4.939307200342088,46.56430640912602,-2.299954139255314,9650.44,-0.022195569423635052,0.0
38,ACRO.CA,16.09,1.51,-47.78,8.87,129515733,23590383,55830033,28.57,3,-0.3367517789870238,-1.6819798605628933,17.039200940268728,-0.2865959282161631,80057.83,-0.022944248099821787,0.0
215,ARAB.CA,11.1,0.46,-66.37,4.25,90975430,-8661418,14840721,31.79,-1,-0.1672442368540002,-1.170790543804674,1.7147771118945032,-0.0200764482733877,1701759.12,-0.034165278946445776,431834473.12
2,OCPH.CA,7.73,2.83,-5.15,37.68,100320635,40974438,74327499,49.02,3,-1.5009708737864078,-1.4675715289428093,124.66952261261024,-1.8296144191315853,20062.0,-0.036705724476617865,0.0
192,EEII.CA,21.96,2.41,-22.7,10.89,13790409,2916350,6505055,20.79,3,-0.9674008810572688,-0.3277423965631589,15.267733193949391,-0.0500388346707186,1331340.88,-0.066618746184689,166752586.0
205,CERA.CA,22.67,1.97,-55.75,8.77,43221040,3832343,15849624,7.34,3,-0.4066367713004484,-0.2712042905100548,4.30296558389853,-0.0116698272827038,6706009.5,-0.07825797262117087,659812500.0
36,DAPH.CA,19.26,0.83,-52.95,4.63,30166332,16403732,32370259,33.4,3,-0.3637393767705382,-1.7287525123859926,10.326544379574374,-0.1785203954045465,542234.38,-0.09679989591953912,394000200.0
45,DTPP.CA,5.02,0.68,-46.4,13.78,17004429,4731404,10021511,18.63,3,-0.1081896551724137,-11.77717695101945,16.869941277595498,-1.9868028357954928,55504.73,-0.11027695496406316,0.0
28,INFI.CA,27.28,5.25,-16.49,19.64,1553569,3910687,5880264,19.79,6,-1.6543359611885993,-0.5097436428087033,88.53204523837452,-0.4512864724511394,285767.06,-0.1289628084501331,0.0
13,SCTS.CA,6.49,1.45,-10.82,22.78,285559000,456049000,519107000,71.3,6,-0.5998151571164511,-21.2718550836167,369.8852848036435,-78.68146175905396,2181.4,-0.1716357406812003,0.0
128,FWRY.CA,88.65,8.58,-42.31,6.59,193738834,47838030,98041132,57.2,3,-2.0952493500354525,-0.070767233502538,25.442112626104866,-0.0180046792500943,12575719.0,-0.2264217869343166,12203952202.8
18,WKOL.CA,10.81,2.78,-24.68,31.39,6662066,8003510,13260213,15.47,6,-0.4380064829821718,-4.542593228960079,110.53295642789348,-5.021062594462883,47761.69,-0.23981443510733194,0.0
3,AXPH.CA,5.12,1.08,-34.35,21.52,33233629,57317666,80357116,22.34,6,-0.1490538573508005,-34.01778367309571,108.81482030419922,-37.01639017535031,6630.49,-0.2454368048937585,0.0
136,MTIE.CA,12.92,1.81,-32.56,13.78,334567480,51069154,145660935,10.57,3,-0.3968058968058968,-0.6844493095633135,9.78469424057096,-0.0669712721724692,3951577.75,-0.26464218900592346,3567480468.75
126,CLHO.CA,18.19,2.75,-4.87,18.16,288111121,102422352,176474561,34.37,3,-3.7351129363449695,-0.205084445019741,42.12746022859712,-0.0863968680107305,3250923.25,-0.280869586943265,6592000000.0
220,AIH.CA,5.36,0.7,-20.18,13.63,57301597,36378498,35573767,20.79,0,-0.265609514370664,-1.5240832052238806,5.613569351812368,-0.0855554677045673,3837087.5,-0.3282838156858489,455971861.83
75,CIRA.CA,23.78,6.0,-20.53,21.8,100371435,291509638,441065192,54.62,6,-1.15830491962981,-1.9515585818045624,271.24359895947225,-5.293477733089131,64186.73,-0.3397710260148041,0.0
167,AMIA.CA,6.25,0.72,-20.38,11.59,129532474,25165921,102992792,39.82,3,-0.3066732090284593,-7.054238433,30.9993315,-2.186766756646076,277584.34,-0.6070122068775418,0.0
141,UNIT.CA,10.74,1.18,-31.78,10.3,75214444,26522500,57404536,63.96,3,-0.3379483952171176,-5.575541608275731,44.38355667929173,-2.4746236698865527,779869.38,-1.9298832271677506,773171795.52
104,ORWE.CA,5.31,0.68,-28.68,12.69,960246165,260059907,484639101,12.93,3,-0.1851464435146443,-4.3985510555832485,10.80744396236291,-0.4753709404880819,5221710.0,-2.482249193656022,4961700219.28
68,CSAG.CA,17.21,5.09,-10.18,27.37,38531265,70505203,143422148,29.39,6,-1.6905697445972496,-1.0648074061228936,183.2401173770156,-1.951154340818745,1688575.75,-3.294671904413768,3138000000.0
113,ENGC.CA,7.16,0.61,-42.32,8.41,145683231,29809792,72202301,27.18,3,-0.1691871455576559,-7.475186407638063,15.102384794715633,-1.1289314154037806,5106065.5,-5.764397752059413,702037500.0
147,MNHD.CA,17.37,1.38,-58.83,6.85,243043015,120403936,225862356,25.19,3,-0.295257521672616,-1.4292640156848389,11.564395094334309,-0.165285737714943,38002244.0,-6.281228934363266,5796000000.0
103,ELSH.CA,10.99,1.92,-10.87,17.19,74253752,17424330,85538765,78.38,3,-1.0110395584176637,-2.3425320199826545,90.92888731085078,-2.1300383006706243,4137537.75,-8.813113877970558,1261425000.0
12,ADCI.CA,4.17,0.93,-24.76,23.48,25694048,49467396,68519746,36.72,6,-0.1684168012924071,-62.70179246692968,195.6894146003713,-122.7007706224744,80102.67,-9.828659337917761,0.0
83,EAST.CA,6.47,2.07,-6.04,32.59,1598139000,2920775000,4251957000,45.97,6,-1.0711920529801324,-7.696065070937776,341.2487289331342,-26.262724232442075,1408041.63,-36.979009036488236,25622700000.0
